date,pm25,temp_mean,humidity_mean,wind_speed_mean,precip_mm,traffic_volume,weekday,is_weekend,traffic_level
2023-01-07,5.355729125,3.4,,9.8,0.0,913,5,True,low
2023-01-08,5.494270875,0.8,,8.1,0.2,12987,6,True,high
2023-01-09,9.529444466666666,3.2,,9.4,0.3,15315,0,False,high
2023-01-10,10.5046875,2.7,,11.1,0.7,454,1,False,low
2023-01-14,4.040104125,1.1,,10.4,0.0,9767,5,True,low
2023-02-04,3.738020875,-8.0,,12.8,0.0,862,5,True,low
2023-02-05,9.2625,3.5,,11.9,0.0,75,6,True,low
2023-02-27,6.768229125,3.9,,11.5,9.7,4412,0,False,low
2023-02-28,6.397916625,2.2,,16.3,6.6,4846,1,False,low
2023-03-05,5.100520875,7.4,,7.7,0.3,159,6,True,low
2023-03-06,4.808333375,8.2,,8.8,0.0,1915,0,False,low
2023-03-07,3.253676411764706,4.8,,8.3,3.3,341,1,False,low
2023-03-08,2.8671875,4.4,,7.9,0.0,826,2,False,low
2023-03-09,3.79784875,6.0,,8.7,0.5,415,3,False,low
2023-03-13,6.019852941176471,4.9,,22.5,14.6,4968,0,False,low
2023-03-14,2.439062375,2.1,,39.1,9.4,5721,1,False,low
2023-03-15,2.172395875,2.9,,37.0,0.0,1415,2,False,low
2023-03-16,6.443888933333333,5.3,,18.3,0.0,7321,3,False,low
2023-03-17,17.9802085,8.5,,11.8,0.1,8570,4,False,low
2023-03-18,7.165624875,9.4,,10.8,0.3,6179,5,True,low
2023-03-19,3.673039294117647,2.9,,13.8,0.0,2459,6,True,low
2023-03-20,9.694270875,5.0,,12.0,0.0,6647,0,False,low
2023-03-21,10.405729125,9.9,,12.5,0.0,5500,1,False,low
2023-03-22,7.461388866666667,10.3,,7.9,0.0,8005,2,False,low
2023-03-23,19.748958375,11.1,,9.2,1.0,5596,3,False,low
2023-03-24,7.7515625,9.7,,6.4,0.0,5460,4,False,low
2023-03-25,5.573039235294117,6.7,,23.9,4.1,5081,5,True,low
2023-03-26,6.60833325,11.3,,15.1,0.0,2734,6,True,low
2023-03-27,5.795561625,10.3,,10.8,5.1,5256,0,False,low
2023-03-28,5.081944466666667,8.4,,7.7,0.3,23728,1,False,high
2023-03-29,5.853509875,8.1,,10.8,0.2,127859,2,False,high
2023-03-30,4.00677075,5.2,,8.4,0.0,42213,3,False,high
2023-04-04,12.22604175,14.8,,7.2,0.0,8454,1,False,low
2023-04-05,9.736979125,10.6,,19.6,0.1,23984,2,False,high
2023-04-18,4.162745058823529,11.3,,26.1,0.1,58340,1,False,high
2023-04-19,5.91979175,10.7,,17.4,0.0,21611,2,False,high
2023-04-20,7.675520875,11.5,,13.1,0.0,51898,3,False,high
2023-04-23,4.600520875,15.0,,8.8,25.1,21063,6,True,high
2023-04-24,4.8598958125,12.1,,6.7,0.0,19866,0,False,high
2023-04-25,6.7828125,12.1,,6.2,0.0,57356,1,False,high
2023-04-26,8.527355125,12.0,,11.3,0.2,131392,2,False,high
2023-04-27,10.2238095,11.8,,7.0,2.4,121799,3,False,high
2023-04-29,4.97708325,10.9,,24.3,32.0,3451,5,True,low
2023-04-30,3.411519588235294,13.2,,18.7,41.3,1184,6,True,low
2023-05-01,3.627083333333333,13.2,,19.5,1.4,2191,0,False,low
2023-05-02,3.02291675,11.3,,17.1,3.0,4119,1,False,low
2023-05-03,3.039285714285714,11.0,,11.6,0.0,5682,2,False,low
2023-05-04,5.954166625,10.7,,10.2,0.5,8517,3,False,low
2023-05-05,6.90260425,13.0,,8.8,0.0,34618,4,False,high
2023-05-06,5.481862764705882,15.8,,7.0,0.0,63968,5,True,high
2023-05-07,5.826562625,18.6,,7.7,0.0,55082,6,True,high
2023-05-08,4.968229125,20.2,,6.5,0.3,68064,0,False,high
2023-05-09,4.984615461538462,16.5,,12.5,0.0,45675,1,False,high
2023-05-10,7.547894,16.2,,8.9,0.0,35105,2,False,high
2023-05-11,13.674999875,19.8,,9.7,0.0,57382,3,False,high
2023-05-12,15.593627529411766,23.0,,9.6,0.0,69643,4,False,high
2023-05-13,13.26875,22.9,,6.0,0.0,60809,5,True,high
2023-05-14,7.7484375,19.7,,12.1,0.0,61591,6,True,high
2023-05-15,5.603869,18.1,,13.0,0.0,560,0,False,low
2023-05-16,8.394270875,20.2,,16.2,0.0,2221,1,False,low
2023-05-17,5.35364575,16.9,,10.3,0.0,0,2,False,low
2023-05-18,4.371813705882353,12.5,,13.3,0.0,0,3,False,low
2023-05-22,16.056770750000002,18.3,,10.2,0.0,24816,0,False,high
2023-05-23,9.458854125,15.9,,12.8,0.0,17356,1,False,high
2023-05-24,7.87475494117647,17.3,,8.9,1.8,2475,2,False,low
2023-05-25,3.73385425,16.0,,13.0,0.0,16515,3,False,high
2023-05-26,4.659375,18.2,,8.2,0.0,42558,4,False,high
2023-05-27,6.236011857142857,19.4,,8.0,0.0,19348,5,True,high
2023-05-28,5.999999875,19.5,,7.3,0.0,18175,6,True,high
2023-05-29,10.464583375,19.8,,14.2,0.0,27205,0,False,high
2023-05-30,10.7153645625,16.8,,15.0,1.0,3304,1,False,low
2023-05-31,12.90052075,17.5,,10.1,0.0,17843,2,False,high
2023-06-01,15.279166625,20.9,,5.6,0.2,3491,3,False,low
2023-06-02,14.974404857142858,22.8,,8.2,0.0,6501,4,False,low
2023-06-03,11.919444444444444,18.8,,18.9,0.0,12478,5,True,high
2023-06-04,4.3880208750000005,16.1,,13.1,0.2,11137,6,True,high
2023-06-05,11.321388866666666,19.2,,5.9,0.2,17459,0,False,high
2023-06-06,88.80925933333333,20.7,,6.7,0.0,17157,1,False,high
2023-06-07,189.993908625,18.4,,5.2,0.0,493,2,False,low
2023-06-08,82.40384615384616,18.4,,7.5,0.4,9215,3,False,low
2023-06-09,12.16354175,18.4,,5.9,0.0,11048,4,False,high
2023-06-10,14.753645875,20.2,,6.1,0.4,82822,5,True,high
2023-06-11,27.868627411764702,22.1,,4.8,0.0,88863,6,True,high
2023-06-12,25.29010425,21.2,,10.7,13.5,55992,0,False,high
2023-06-13,8.056770875,21.7,,12.0,1.0,28794,1,False,high
2023-06-14,9.284523785714285,20.3,,12.0,7.1,142427,2,False,high
2023-06-15,8.1359375,21.3,,10.6,3.2,121146,3,False,high
2023-06-16,11.579687375,20.5,,8.2,24.4,87187,4,False,high
2023-06-17,24.60269611764706,21.0,,7.0,0.0,76679,5,True,high
2023-06-18,17.6958335,22.6,,8.5,0.7,187218,6,True,high
2023-06-19,8.147395875,21.8,,12.4,0.2,39815,0,False,high
2023-06-20,6.589880928571428,20.7,,13.4,0.0,6671,1,False,low
2023-06-21,4.3890625,19.2,,20.7,0.0,27147,2,False,high
2023-06-22,4.948437375,18.6,,20.5,1.0,27494,3,False,high
2023-06-23,6.471813705882353,19.5,,9.9,1.8,9246,4,False,low
2023-06-24,9.4671875,22.2,,4.9,2.0,28149,5,True,high
2023-06-25,11.2770835,23.8,,6.3,0.3,28872,6,True,high
2023-06-26,11.269047714285716,22.7,,9.8,22.9,15880,0,False,high
2023-06-27,10.51354175,22.2,,6.9,13.5,40737,1,False,high
2023-06-28,14.2729165,23.4,,5.0,0.0,9345,2,False,low
2023-06-29,34.19117647058823,23.7,,6.1,0.4,7354,3,False,low
2023-06-30,61.553125,24.4,,7.1,0.6,49255,4,False,high
2023-07-01,36.484375,23.6,,10.7,0.2,70630,5,True,high
2023-07-02,21.807142857142857,24.9,,6.7,7.6,91903,6,True,high
2023-07-30,4.11375,23.8,,7.2,0.0,6649,6,True,low
2023-07-31,5.9895833,24.3,,9.2,0.4,2797,0,False,low
2023-08-02,3.9479167,23.2,,10.3,0.4,4290,2,False,low
2023-08-03,4.456721,22.6,,13.8,0.6,12132,3,False,high
2023-08-04,12.44586194736842,22.8,,14.5,0.0,750,4,False,low
2023-08-05,17.15875,25.5,,7.1,1.9,21336,5,True,high
2023-08-06,17.785416599999998,25.6,,11.0,0.0,2017,6,True,low
2023-08-07,11.81578125,23.9,,12.1,17.0,2814,0,False,low
2023-08-08,5.004461222222222,23.7,,14.1,1.6,195,1,False,low
2023-08-09,11.5933332,25.7,,11.3,0.2,2615,2,False,low
2023-08-10,12.429275055555555,23.3,,6.5,11.4,1352,3,False,low
2023-08-11,13.018872555555555,24.6,,10.9,0.0,5950,4,False,low
2023-08-12,11.145,25.4,,10.4,0.3,4922,5,True,low
2023-09-08,12.3058333,25.9,,7.4,7.4,510,4,False,low
2023-09-09,12.669517578947367,25.5,,4.4,0.5,3927,5,True,low
2023-09-10,7.22875,23.6,,6.5,30.0,2878,6,True,low
2023-09-11,6.2270834,24.3,,8.5,20.0,78,0,False,low
2023-09-18,5.5291666875,19.3,,7.2,29.9,6359,0,False,low
2023-09-19,6.87,19.9,,10.9,0.0,9907,1,False,low
2023-09-20,6.3404166,20.7,,8.3,0.0,6390,2,False,low
2023-09-21,6.333552684210527,20.3,,7.8,0.0,3941,3,False,low
2023-09-22,5.8708334,19.7,,16.4,0.0,3462,4,False,low
2023-10-01,12.1408333,20.8,,6.3,0.0,238,6,True,low
2023-10-02,12.21,21.6,,7.7,0.0,12507,0,False,high
2023-10-03,14.463425888888889,21.6,,5.7,0.0,5747,1,False,low
2023-10-04,15.273814272727272,22.3,,7.3,0.0,10046,2,False,low
2023-10-05,9.5334601,20.6,,6.9,0.0,10235,3,False,high
2023-10-06,8.6322916875,20.6,,9.4,2.8,7733,4,False,low
2023-10-08,2.878645875,13.8,,22.4,0.0,596,6,True,low
2023-10-09,4.49947925,13.8,,17.3,0.0,10791,0,False,high
2023-10-10,7.751111222222223,15.1,,10.9,0.0,9679,1,False,low
2023-10-15,2.9495613684210524,13.8,,7.1,2.1,4231,6,True,low
2023-10-16,2.38,14.2,,8.8,0.1,14321,0,False,high
2023-10-17,4.9266667,14.9,,5.9,0.0,129809,1,False,high
2023-10-18,7.117708375,15.7,,5.8,0.1,56076,2,False,high
2023-10-19,7.556666699999999,15.2,,10.1,0.0,119588,3,False,high
2023-10-20,5.900926,16.6,,10.0,20.3,37329,4,False,high
2023-10-21,3.652962944444445,16.1,,8.8,3.2,72646,5,True,high
2023-10-22,2.2895834,13.3,,13.9,0.0,28396,6,True,high
2023-10-23,3.3845833999999995,13.2,,5.0,0.0,31817,0,False,high
2023-10-24,6.078125,14.9,,8.9,0.0,92500,1,False,high
2023-10-25,9.595370333333332,17.0,,12.0,0.0,63285,2,False,high
2023-10-26,13.6507143,19.9,,8.3,0.0,36217,3,False,high
2023-10-27,14.619079,19.3,,8.7,0.1,38708,4,False,high
2023-10-28,9.0541667,21.7,,9.2,0.0,22672,5,True,high
2023-10-29,2.8784901111111107,14.0,,16.7,6.0,15376,6,True,high
2023-10-30,6.2946259375,13.7,,8.2,0.1,19160,0,False,high
2023-10-31,2.89427075,10.9,,9.2,0.2,23959,1,False,high
2023-11-01,5.147916700000001,9.3,,8.6,1.9,9222,2,False,low
2023-11-02,4.5412280526315785,7.4,,10.8,0.0,45626,3,False,high
2023-11-03,6.647523100000001,10.0,,13.8,0.0,36383,4,False,high
2023-11-04,12.1354167,11.8,,9.2,0.0,17210,5,True,high
2023-11-05,14.82734375,13.9,,5.9,0.0,30726,6,True,high
2023-11-06,7.6894203,11.4,,10.0,0.0,3086,0,False,low
2023-11-14,5.442402,9.6,,7.9,0.0,12345,1,False,high
2023-11-15,5.993229125,9.3,,10.9,0.0,20326,2,False,high
2023-11-16,17.231249875,12.9,,8.9,0.0,2242,3,False,low
2023-12-02,23.39313723529412,10.2,,7.6,0.0,19860,5,True,high
2023-12-03,9.087499875,9.5,,15.8,19.0,6248,6,True,low
2023-12-04,4.90364575,8.7,,14.2,0.0,5518,0,False,low
2023-12-05,3.936309571428571,5.7,,8.8,0.0,9482,1,False,low
2023-12-06,3.652604125,4.4,,9.5,0.0,9291,2,False,low
2023-12-07,10.859259333333334,2.5,,12.2,0.0,12276,3,False,high
2023-12-08,15.120175421052632,6.9,,8.6,0.0,9851,4,False,low
2023-12-09,18.9487501,10.5,,5.8,0.0,907,5,True,low
2023-12-10,11.8624999,13.5,,5.9,20.4,2676,6,True,low
