date,temp_mean,humidity_mean,wind_speed_mean,precip_mm
2023-01-01,8.1,,9.4,0.0
2023-01-02,7.5,,7.4,1.3
2023-01-03,10.2,,5.7,11.4
2023-01-04,13.0,,10.4,0.5
2023-01-05,10.9,,11.5,0.0
2023-01-06,5.9,,8.2,7.9
2023-01-07,3.4,,9.8,0.0
2023-01-08,0.8,,8.1,0.2
2023-01-09,3.2,,9.4,0.3
2023-01-10,2.7,,11.1,0.7
2023-01-11,0.9,,13.7,0.0
2023-01-12,6.4,,14.7,5.3
2023-01-13,8.7,,8.0,2.8
2023-01-14,1.1,,10.4,0.0
2023-01-15,0.7,,9.9,0.0
2023-01-16,1.3,,6.3,0.2
2023-01-17,2.5,,7.5,2.5
2023-01-18,6.4,,8.0,0.5
2023-01-19,4.3,,12.2,24.1
2023-01-20,5.7,,10.4,0.0
2023-01-21,2.5,,9.2,0.1
2023-01-22,2.2,,11.9,12.7
2023-01-23,2.8,,9.0,7.4
2023-01-24,1.9,,11.2,0.0
2023-01-25,3.1,,13.7,24.1
2023-01-26,6.8,,23.4,9.7
2023-01-27,1.8,,14.6,0.5
2023-01-28,5.7,,12.8,0.7
2023-01-29,8.1,,8.7,0.0
2023-01-30,8.2,,7.6,0.0
2023-01-31,4.0,,10.1,1.5
2023-02-01,1.3,,12.7,0.5
2023-02-02,1.8,,14.7,0.2
2023-02-03,-3.2,,11.3,0.5
2023-02-04,-8.0,,12.8,0.0
2023-02-05,3.5,,11.9,0.0
2023-02-06,6.7,,9.0,0.4
2023-02-07,3.1,,12.0,0.3
2023-02-08,7.8,,9.0,0.0
2023-02-09,7.9,,5.9,0.0
2023-02-10,12.8,,12.0,0.0
2023-02-11,6.0,,9.4,0.0
2023-02-12,5.1,,9.5,3.0
2023-02-13,9.0,,13.6,0.0
2023-02-14,8.9,,6.3,0.0
2023-02-15,12.2,,11.2,0.4
2023-02-16,13.4,,7.8,1.5
2023-02-17,9.8,,9.3,3.8
2023-02-18,2.6,,11.7,0.2
2023-02-19,5.6,,11.3,0.0
2023-02-20,10.3,,10.9,0.0
2023-02-21,6.1,,11.8,5.3
2023-02-22,4.7,,9.3,4.8
2023-02-23,4.8,,15.8,0.3
2023-02-24,5.1,,8.4,0.0
2023-02-25,-1.5,,8.4,0.0
2023-02-26,3.8,,13.3,1.0
2023-02-27,3.9,,11.5,9.7
2023-02-28,2.2,,16.3,6.6
2023-03-01,4.6,,12.8,2.1
2023-03-02,6.9,,10.2,0.0
2023-03-03,5.0,,13.1,6.4
2023-03-04,6.0,,15.5,31.5
2023-03-05,7.4,,7.7,0.3
2023-03-06,8.2,,8.8,0.0
2023-03-07,4.8,,8.3,3.3
2023-03-08,4.4,,7.9,0.0
2023-03-09,6.0,,8.7,0.5
2023-03-10,5.2,,11.3,8.1
2023-03-11,4.9,,11.5,8.4
2023-03-12,4.8,,9.5,0.0
2023-03-13,4.9,,22.5,14.6
2023-03-14,2.1,,39.1,9.4
2023-03-15,2.9,,37.0,0.0
2023-03-16,5.3,,18.3,0.0
2023-03-17,8.5,,11.8,0.1
2023-03-18,9.4,,10.8,0.3
2023-03-19,2.9,,13.8,0.0
2023-03-20,5.0,,12.0,0.0
2023-03-21,9.9,,12.5,0.0
2023-03-22,10.3,,7.9,0.0
2023-03-23,11.1,,9.2,1.0
2023-03-24,9.7,,6.4,0.0
2023-03-25,6.7,,23.9,4.1
2023-03-26,11.3,,15.1,0.0
2023-03-27,10.3,,10.8,5.1
2023-03-28,8.4,,7.7,0.3
2023-03-29,8.1,,10.8,0.2
2023-03-30,5.2,,8.4,0.0
2023-03-31,7.8,,10.2,0.0
2023-04-01,15.1,,12.3,6.6
2023-04-02,9.1,,6.6,0.0
2023-04-03,9.1,,14.2,0.0
2023-04-04,14.8,,7.2,0.0
2023-04-05,10.6,,19.6,0.1
2023-04-06,15.6,,9.0,0.0
2023-04-07,12.2,,6.9,0.7
2023-04-08,7.2,,10.2,0.0
2023-04-09,7.9,,12.6,0.0
2023-04-10,11.0,,9.5,0.0
2023-04-11,15.9,,15.5,0.0
2023-04-12,21.0,,15.2,0.0
2023-04-13,21.8,,15.0,0.0
2023-04-14,21.5,,17.1,0.0
2023-04-15,16.6,,13.9,9.2
2023-04-16,16.5,,6.9,0.0
2023-04-17,14.3,,15.9,0.8
2023-04-18,11.3,,26.1,0.1
2023-04-19,10.7,,17.4,0.0
2023-04-20,11.5,,13.1,0.0
2023-04-21,13.9,,12.5,0.0
2023-04-22,14.7,,17.9,22.9
2023-04-23,15.0,,8.8,25.1
2023-04-24,12.1,,6.7,0.0
2023-04-25,12.1,,6.2,0.0
2023-04-26,12.0,,11.3,0.2
2023-04-27,11.8,,7.0,2.4
2023-04-28,11.0,,19.5,6.0
2023-04-29,10.9,,24.3,32.0
2023-04-30,13.2,,18.7,41.3
2023-05-01,13.2,,19.5,1.4
2023-05-02,11.3,,17.1,3.0
2023-05-03,11.0,,11.6,0.0
2023-05-04,10.7,,10.2,0.5
2023-05-05,13.0,,8.8,0.0
2023-05-06,15.8,,7.0,0.0
2023-05-07,18.6,,7.7,0.0
2023-05-08,20.2,,6.5,0.3
2023-05-09,16.5,,12.5,0.0
2023-05-10,16.2,,8.9,0.0
2023-05-11,19.8,,9.7,0.0
2023-05-12,23.0,,9.6,0.0
2023-05-13,22.9,,6.0,0.0
2023-05-14,19.7,,12.1,0.0
2023-05-15,18.1,,13.0,0.0
2023-05-16,20.2,,16.2,0.0
2023-05-17,16.9,,10.3,0.0
2023-05-18,12.5,,13.3,0.0
2023-05-19,15.5,,12.6,0.0
2023-05-20,15.8,,7.1,16.8
2023-05-21,18.1,,5.5,0.0
2023-05-22,18.3,,10.2,0.0
2023-05-23,15.9,,12.8,0.0
2023-05-24,17.3,,8.9,1.8
2023-05-25,16.0,,13.0,0.0
2023-05-26,18.2,,8.2,0.0
2023-05-27,19.4,,8.0,0.0
2023-05-28,19.5,,7.3,0.0
2023-05-29,19.8,,14.2,0.0
2023-05-30,16.8,,15.0,1.0
2023-05-31,17.5,,10.1,0.0
2023-06-01,20.9,,5.6,0.2
2023-06-02,22.8,,8.2,0.0
2023-06-03,18.8,,18.9,0.0
2023-06-04,16.1,,13.1,0.2
2023-06-05,19.2,,5.9,0.2
2023-06-06,20.7,,6.7,0.0
2023-06-07,18.4,,5.2,0.0
2023-06-08,18.4,,7.5,0.4
2023-06-09,18.4,,5.9,0.0
2023-06-10,20.2,,6.1,0.4
2023-06-11,22.1,,4.8,0.0
2023-06-12,21.2,,10.7,13.5
2023-06-13,21.7,,12.0,1.0
2023-06-14,20.3,,12.0,7.1
2023-06-15,21.3,,10.6,3.2
2023-06-16,20.5,,8.2,24.4
2023-06-17,21.0,,7.0,0.0
2023-06-18,22.6,,8.5,0.7
2023-06-19,21.8,,12.4,0.2
2023-06-20,20.7,,13.4,0.0
2023-06-21,19.2,,20.7,0.0
2023-06-22,18.6,,20.5,1.0
2023-06-23,19.5,,9.9,1.8
2023-06-24,22.2,,4.9,2.0
2023-06-25,23.8,,6.3,0.3
2023-06-26,22.7,,9.8,22.9
2023-06-27,22.2,,6.9,13.5
2023-06-28,23.4,,5.0,0.0
2023-06-29,23.7,,6.1,0.4
2023-06-30,24.4,,7.1,0.6
2023-07-01,23.6,,10.7,0.2
2023-07-02,24.9,,6.7,7.6
2023-07-03,26.9,,7.5,1.3
2023-07-04,24.3,,5.3,30.2
2023-07-05,27.2,,6.0,0.3
2023-07-06,27.1,,8.6,0.4
2023-07-07,25.8,,6.3,0.3
2023-07-08,25.7,,6.7,3.9
2023-07-09,25.2,,6.6,6.4
2023-07-10,25.9,,7.6,0.0
2023-07-11,26.7,,8.6,0.2
2023-07-12,28.0,,7.9,0.2
2023-07-13,28.1,,10.4,0.2
2023-07-14,25.9,,11.7,12.0
2023-07-15,26.0,,6.7,0.4
2023-07-16,24.8,,7.9,24.1
2023-07-17,26.4,,8.3,0.0
2023-07-18,25.5,,8.1,29.5
2023-07-19,24.7,,6.1,0.0
2023-07-20,26.2,,8.9,0.6
2023-07-21,26.1,,8.3,7.1
2023-07-22,25.7,,6.6,0.9
2023-07-23,26.6,,5.7,0.4
2023-07-24,25.9,,9.5,0.0
2023-07-25,24.3,,8.9,22.6
2023-07-26,25.2,,10.2,0.2
2023-07-27,28.3,,15.3,0.3
2023-07-28,28.9,,6.1,2.3
2023-07-29,27.2,,12.2,2.5
2023-07-30,23.8,,7.2,0.0
2023-07-31,24.3,,9.2,0.4
2023-08-01,24.0,,7.8,0.0
2023-08-02,23.2,,10.3,0.4
2023-08-03,22.6,,13.8,0.6
2023-08-04,22.8,,14.5,0.0
2023-08-05,25.5,,7.1,1.9
2023-08-06,25.6,,11.0,0.0
2023-08-07,23.9,,12.1,17.0
2023-08-08,23.7,,14.1,1.6
2023-08-09,25.7,,11.3,0.2
2023-08-10,23.3,,6.5,11.4
2023-08-11,24.6,,10.9,0.0
2023-08-12,25.4,,10.4,0.3
2023-08-13,26.3,,8.1,12.7
2023-08-14,26.0,,6.8,0.1
2023-08-15,24.2,,11.8,10.9
2023-08-16,24.0,,10.2,14.2
2023-08-17,23.9,,11.6,5.2
2023-08-18,24.4,,11.0,2.5
2023-08-19,22.5,,13.6,0.0
2023-08-20,24.9,,10.5,0.0
2023-08-21,27.0,,6.6,0.0
2023-08-22,24.2,,8.4,0.0
2023-08-23,23.0,,10.8,0.0
2023-08-24,21.7,,10.8,1.0
2023-08-25,23.1,,8.5,23.1
2023-08-26,25.4,,5.0,0.0
2023-08-27,25.4,,6.6,0.3
2023-08-28,22.6,,11.3,0.0
2023-08-29,23.0,,10.2,0.7
2023-08-30,24.6,,5.9,2.5
2023-08-31,22.6,,12.3,0.0
2023-09-01,21.5,,13.5,0.0
2023-09-02,21.7,,11.0,0.0
2023-09-03,25.9,,8.9,0.2
2023-09-04,27.3,,6.9,0.0
2023-09-05,28.7,,3.6,0.0
2023-09-06,29.0,,2.9,0.7
2023-09-07,28.7,,7.0,0.2
2023-09-08,25.9,,7.4,7.4
2023-09-09,25.5,,4.4,0.5
2023-09-10,23.6,,6.5,30.0
2023-09-11,24.3,,8.5,20.0
2023-09-12,24.4,,6.9,0.2
2023-09-13,24.2,,9.3,6.4
2023-09-14,23.2,,8.7,0.4
2023-09-15,19.0,,10.3,0.0
2023-09-16,21.0,,8.6,0.0
2023-09-17,20.8,,7.6,4.1
2023-09-18,19.3,,7.2,29.9
2023-09-19,19.9,,10.9,0.0
2023-09-20,20.7,,8.3,0.0
2023-09-21,20.3,,7.8,0.0
2023-09-22,19.7,,16.4,0.0
2023-09-23,16.4,,29.0,25.4
2023-09-24,17.8,,27.2,29.5
2023-09-25,16.4,,23.8,11.6
2023-09-26,15.8,,16.2,7.2
2023-09-27,16.4,,17.0,0.0
2023-09-28,16.2,,18.9,1.8
2023-09-29,16.1,,21.6,78.9
2023-09-30,17.1,,12.1,13.5
2023-10-01,20.8,,6.3,0.0
2023-10-02,21.6,,7.7,0.0
2023-10-03,21.6,,5.7,0.0
2023-10-04,22.3,,7.3,0.0
2023-10-05,20.6,,6.9,0.0
2023-10-06,20.6,,9.4,2.8
2023-10-07,18.2,,9.0,26.4
2023-10-08,13.8,,22.4,0.0
2023-10-09,13.8,,17.3,0.0
2023-10-10,15.1,,10.9,0.0
2023-10-11,17.5,,6.8,0.0
2023-10-12,17.8,,6.3,0.0
2023-10-13,16.1,,7.8,0.0
2023-10-14,12.9,,12.2,17.2
2023-10-15,13.8,,7.1,2.1
2023-10-16,14.2,,8.8,0.1
2023-10-17,14.9,,5.9,0.0
2023-10-18,15.7,,5.8,0.1
2023-10-19,15.2,,10.1,0.0
2023-10-20,16.6,,10.0,20.3
2023-10-21,16.1,,8.8,3.2
2023-10-22,13.3,,13.9,0.0
2023-10-23,13.2,,5.0,0.0
2023-10-24,14.9,,8.9,0.0
2023-10-25,17.0,,12.0,0.0
2023-10-26,19.9,,8.3,0.0
2023-10-27,19.3,,8.7,0.1
2023-10-28,21.7,,9.2,0.0
2023-10-29,14.0,,16.7,6.0
2023-10-30,13.7,,8.2,0.1
2023-10-31,10.9,,9.2,0.2
2023-11-01,9.3,,8.6,1.9
2023-11-02,7.4,,10.8,0.0
2023-11-03,10.0,,13.8,0.0
2023-11-04,11.8,,9.2,0.0
2023-11-05,13.9,,5.9,0.0
2023-11-06,11.4,,10.0,0.0
2023-11-07,14.8,,9.9,5.2
2023-11-08,10.2,,9.2,0.0
2023-11-09,12.1,,7.5,7.0
2023-11-10,10.9,,12.8,0.3
2023-11-11,9.9,,7.8,0.0
2023-11-12,7.2,,12.2,0.0
2023-11-13,7.5,,9.4,0.4
2023-11-14,9.6,,7.9,0.0
2023-11-15,9.3,,10.9,0.0
2023-11-16,12.9,,8.9,0.0
2023-11-17,14.8,,8.8,0.0
2023-11-18,12.4,,5.3,1.0
2023-11-19,9.1,,11.3,0.0
2023-11-20,6.6,,11.9,0.0
2023-11-21,6.6,,22.8,9.7
2023-11-22,11.7,,9.6,24.8
2023-11-23,10.2,,7.6,0.0
2023-11-24,8.4,,7.5,0.0
2023-11-25,3.5,,7.7,0.0
2023-11-26,7.3,,13.9,6.5
2023-11-27,8.5,,15.8,1.6
2023-11-28,2.9,,13.6,0.0
2023-11-29,1.0,,20.1,0.0
2023-11-30,6.3,,14.2,0.0
2023-12-01,7.1,,9.2,4.5
2023-12-02,10.2,,7.6,0.0
2023-12-03,9.5,,15.8,19.0
2023-12-04,8.7,,14.2,0.0
2023-12-05,5.7,,8.8,0.0
2023-12-06,4.4,,9.5,0.0
2023-12-07,2.5,,12.2,0.0
2023-12-08,6.9,,8.6,0.0
2023-12-09,10.5,,5.8,0.0
2023-12-10,13.5,,5.9,20.4
2023-12-11,6.2,,7.5,24.6
2023-12-12,5.1,,16.5,0.0
2023-12-13,5.9,,12.0,0.0
2023-12-14,3.8,,11.4,0.0
2023-12-15,7.9,,13.0,0.0
2023-12-16,9.7,,12.6,0.0
2023-12-17,10.7,,19.9,20.7
2023-12-18,11.6,,18.8,56.9
2023-12-19,4.4,,13.6,0.0
2023-12-20,3.6,,8.0,0.0
2023-12-21,4.0,,10.6,0.0
2023-12-22,1.1,,6.7,0.0
2023-12-23,4.4,,9.1,0.0
2023-12-24,6.6,,4.8,0.1
2023-12-25,7.5,,8.2,0.0
2023-12-26,7.4,,6.8,0.0
2023-12-27,7.8,,12.1,6.7
2023-12-28,10.1,,16.8,43.2
2023-12-29,9.4,,9.1,0.1
2023-12-30,6.0,,15.1,0.1
2023-12-31,5.5,,9.1,0.0
